unit ,province,year,co2,so2,lngdpcapita,wastewater,industrialsector
1,Anhui,1997,109.5,33.2287,8.27614022,11.20294325,29.9784435
1,Anhui,1998,105.8,37.9063,8.355875188,11.03024988,30.12041086
1,Anhui,1999,113.2,36.4298,8.442969894,11.06062029,30.24141516
1,Anhui,2000,118.7,35.0625,8.522704862,11.05257113,30.49870955
1,Anhui,2001,127,34.8743,8.607964706,11.05451834,32.7100357
1,Anhui,2002,112.8,34.9088,8.699631895,11.07561359,31.68121328
1,Anhui,2003,168,40.5353,8.789472599,11.05918881,32.01031834
1,Anhui,2004,153.8,43.8527,8.914341581,11.06748176,31.28401235
1,Anhui,2005,156.7,51.4744,9.024092445,11.05859044,34.34208633
1,Anhui,2006,175.8,51.9174,9.14542473,11.15794908,36.65226994
1,Anhui,2007,197.7,51.6732,9.278205841,11.2058023,38.174576
1,Anhui,2008,225,50.2633,9.397765076,11.11255237,39.60466172
1,Anhui,2009,251.5,48.6864,9.519097362,11.20423764,40.39344836
1,Anhui,2010,261.9,48.3912,9.65537498,11.17002662,43.75156258
1,Anhui,2011,291.3,48.7228,9.782007631,11.1664837,46.15490192
1,Anhui,2012,318.2,46.98,9.896228775,11.11505643,46.62919292
1,Anhui,2013,343.1,45.02,9.995168723,11.17004071,46.18177223
1,Anhui,2014,350.4,44.0642,10.0831796,11.15023245,45.35274297
1,Anhui,2015,351.3,42.0033,10.16660121,11.17655722,42.10204389
1,Anhui,2016,362,,,,
1,Anhui,2017,371,,,,
2,Gansu,1997,50.3,35.7872,8.07059354,10.43019637,36.12787782
2,Gansu,1998,50.9,33.2082,8.163172721,10.43488022,35.06370611
2,Gansu,1999,51.5,25.7282,8.249350417,10.2947185,34.1925297
2,Gansu,2000,54.3,31.1878,8.341929599,10.07723075,31.11465694
2,Gansu,2001,56.1,31.5363,8.435419942,9.938951217,31.59049912
2,Gansu,2002,59,37.3804,8.529820617,9.88720572,31.60474988
2,Gansu,2003,67,44.1105,8.631474271,9.94745659,32.02031675
2,Gansu,2004,77.9,43.7688,8.740328676,9.814273752,33.99487116
2,Gansu,2005,84.2,51.6827,8.851870051,9.729015111,35.46055285
2,Gansu,2006,89.4,46.3,8.959827192,9.71534911,38.12018355
2,Gansu,2007,97.8,43.6,9.075830868,9.671303257,39.34348627
2,Gansu,2008,103.3,41.2,9.172049726,9.705341445,37.53860339
2,Gansu,2009,100.8,40.0926,9.270083466,9.702839079,35.53294997
2,Gansu,2010,126.5,45.2464,9.381624841,9.639001038,38.89753079
2,Gansu,2011,138.9,52.7689,9.499407876,9.889388628,38.32287262
2,Gansu,2012,152.7,47.99,9.618079406,9.862040363,36.64011893
2,Gansu,2013,159.6,47.28,9.720635994,9.912001208,34.04399836
2,Gansu,2014,163.5,47.6964,9.805895838,9.890503625,33.10310934
2,Gansu,2015,158.5,46.6984,9.883782377,9.839482223,26.18580568
2,Gansu,2016,152,,,,
2,Gansu,2017,151,,,,
3,Guangxi,1997,50.8,49.8182,8.275885669,11.27126146,28.86174164
3,Guangxi,1998,51.8,64.3485,8.371195849,11.3723637,29.36953906
3,Guangxi,1999,52.4,54.8499,8.44815689,11.37987396,28.95186694
3,Guangxi,2000,56.2,80.0485,8.524191577,11.30922909,29.43837619
3,Guangxi,2001,56.1,66.2624,8.603926545,11.41323772,28.05856081
3,Guangxi,2002,56.5,64.6194,8.704676448,11.48376438,27.70304272
3,Guangxi,2003,66.7,83.0469,8.801803159,11.68932117,28.84644697
3,Guangxi,2004,86.6,89.6894,8.913344533,11.71775025,30.4295908
3,Guangxi,2005,98.9,97.4651,9.037330513,11.88868023,31.7471951
3,Guangxi,2006,112.8,94.4095,9.163963164,11.76704041,33.54985925
3,Guangxi,2007,128.2,92.6247,9.304594294,12.12258777,35.89134201
3,Guangxi,2008,133,87.0264,9.425040447,12.23439282,37.42187723
3,Guangxi,2009,151.8,83.5296,9.555191131,11.99285467,36.90914996
3,Guangxi,2010,171.8,84.797,9.687972243,12.01497872,40.33981724
3,Guangxi,2011,192.3,48.8744,9.803975918,11.52518995,41.39086945
3,Guangxi,2012,204.9,47.16,9.911034991,11.61431712,40.50034139
3,Guangxi,2013,210,43.8,10.0081617,11.40208329,38.75805369
3,Guangxi,2014,207.8,43.1075,10.08974169,11.19733762,38.69956339
3,Guangxi,2015,269.7,38.5507,10.16762823,11.05489784,37.84904232
3,Guangxi,2016,211,,,,
3,Guangxi,2017,221,,,,
4,Guizhou,1997,72.2,60.925,7.718685495,10.20473963,31.16196528
4,Guizhou,1998,78.3,85.1546,7.800265482,10.34538102,31.89925325
4,Guizhou,1999,77.2,67.881,7.884606631,10.16842543,31.4048
4,Guizhou,2000,81.2,64.249,7.965264534,9.932949263,31.91801305
4,Guizhou,2001,82.9,57.1407,8.049605682,9.943285022,31.83089643
4,Guizhou,2002,86.3,57.7097,8.136700389,9.747827401,31.8031574
4,Guizhou,2003,110.1,57.0254,8.232919247,9.730026624,33.18844034
4,Guizhou,2004,128.6,59.979,8.340876388,9.687753979,34.41411372
4,Guizhou,2005,145.6,65.9379,8.450627252,9.605755144,35.27191312
4,Guizhou,2006,169.6,103.9679,8.559481657,9.541656481,35.87589462
4,Guizhou,2007,172,92.0586,8.697502955,9.401043373,33.93975958
4,Guizhou,2008,163.4,74.1315,8.804562027,9.366916679,33.56113613
4,Guizhou,2009,184.7,62.3743,8.912519169,9.508814006,32.01565168
4,Guizhou,2010,191.5,63.7779,9.032965322,9.556055476,32.95995793
4,Guizhou,2011,211,90.3132,9.172727264,9.934307695,32.08087214
4,Guizhou,2012,230.1,83.71,9.300240584,10.06044857,32.35544789
4,Guizhou,2013,233.2,77.86,9.41802362,10.03880485,33.22080511
4,Guizhou,2014,231,70.2427,9.520580208,10.39433493,33.89540047
4,Guizhou,2015,233.6,59.8896,9.622233862,10.28103318,31.5692555
4,Guizhou,2016,249,,,,
4,Guizhou,2017,255,,,,
5,Hainan,1997,7.2,1.6891,8.624611588,8.902999662,12.65930538
5,Hainan,1998,10.4,2.0137,8.706191575,8.924656302,13.36484744
5,Hainan,1999,8.1,2.2148,8.787771562,8.869819953,13.29431263
5,Hainan,2000,8.7,2.0178,8.873949258,8.862766742,13.37458715
5,Hainan,2001,9.2,1.9283,8.961043965,8.853808275,16.8965934
5,Hainan,2002,12.8,2.2037,9.052711154,8.877660934,17.33542856
5,Hainan,2003,15.6,2.2442,9.153461057,8.879193928,18.52484733
5,Hainan,2004,17.2,2.2097,9.255114711,8.838406747,18.49059366
5,Hainan,2005,16.5,2.1825,9.352241421,8.913011922,19.25659864
5,Hainan,2006,19.2,2.3286,9.470024457,8.902591637,22.36245742
5,Hainan,2007,21.7,2.4944,9.616718836,8.69282576,22.19555563
5,Hainan,2008,24.8,2.1204,9.714752576,8.698013622,20.55074315
5,Hainan,2009,27,2.1433,9.825399097,8.858084222,18.17362971
5,Hainan,2010,28.9,2.8167,9.973819102,8.662504923,18.65875515
5,Hainan,2011,34.9,3.1058,10.08714779,8.827614751,18.83091657
5,Hainan,2012,37.3,3.3,10.17424249,8.91798071,18.25048852
5,Hainan,2013,39.5,3.17,10.26864317,8.8164085,14.86612369
5,Hainan,2014,40.7,3.1855,10.35022316,8.98168164,14.69412007
5,Hainan,2015,42.3,3.1683,10.42533063,8.836228572,13.12129331
5,Hainan,2016,40,,,,
5,Hainan,2017,42,,,,
6,Hebei,1997,212.1,100.8922,8.712595488,11.23261615,43.03274335
6,Hebei,1998,211.3,121.1946,8.814249141,11.57525217,42.8112246
6,Hebei,1999,222.8,111.6566,8.901343848,11.48678681,41.98339015
6,Hebei,2000,237.3,113.3599,8.992098212,11.4031106,43.65082197
6,Hebei,2001,251.5,109.5947,9.07551982,11.54288225,43.10573598
6,Hebei,2002,284.4,105.3356,9.167187008,11.578451,42.88417953
6,Hebei,2003,328.6,119.4954,9.276937872,11.59288202,43.48784692
6,Hebei,2004,374.2,121.513,9.398270157,11.75497713,44.96905385
6,Hebei,2005,459.1,128.1425,9.524021363,11.73232602,46.98590008
6,Hebei,2006,486.7,132.568,9.648007342,11.7779017,47.83878056
6,Hebei,2007,529,129.4416,9.768453496,11.72429599,47.88099347
6,Hebei,2008,554.4,115.8712,9.864672353,11.7049663,49.28525347
6,Hebei,2009,577.8,104.2679,9.959982533,11.60876278,46.32223762
6,Hebei,2010,647,99.4177,10.07509534,11.64598675,46.84666176
6,Hebei,2011,724.6,131.7099,10.18215441,11.68271043,48.01148323
6,Hebei,2012,714.5,123.87,10.2738216,11.71704928,47.08032095
6,Hebei,2013,768.9,117.31,10.35263278,11.60710774,46.39026543
6,Hebei,2014,751.9,104.7351,10.41560758,11.59507672,45.30978565
6,Hebei,2015,734.1,82.9414,10.48139532,11.45221959,42.36101256
6,Hebei,2016,748,,,,
6,Hebei,2017,726,,,,
7,Heilongjiang,1997,129.1,22.4417,8.872487182,11.08272699,48.91846298
7,Heilongjiang,1998,124.2,22.1736,8.95222215,11.01452236,48.01038062
7,Heilongjiang,1999,122.1,21.4774,9.024542812,10.89183845,48.8399679
7,Heilongjiang,2000,125.3,22.167,9.103353992,10.87130755,49.70489306
7,Heilongjiang,2001,121.1,21.895,9.192280201,10.808596,46.96026666
7,Heilongjiang,2002,117.9,21.3322,9.289406912,10.77860206,45.38656109
7,Heilongjiang,2003,129.6,28.5306,9.386533623,10.82548199,46.20693055
7,Heilongjiang,2004,140.2,29.4724,9.497180143,10.7186311,47.20077464
7,Heilongjiang,2005,158.1,43.1177,9.606931007,10.71792273,48.90182636
7,Heilongjiang,2006,179,43.9958,9.720259692,10.70998574,49.08464535
7,Heilongjiang,2007,187.4,44.0419,9.833588378,10.55550019,46.83136261
7,Heilongjiang,2008,197.3,44.1284,9.945129752,10.56900657,46.50298219
7,Heilongjiang,2009,203.2,41.8905,10.05308689,10.43962998,41.33841854
7,Heilongjiang,2010,218.3,41.7051,10.17264613,10.56928923,42.71849623
7,Heilongjiang,2011,247.4,41.5209,10.2886498,10.69357994,41.60419647
7,Heilongjiang,2012,269.2,39.73,10.38395998,10.97430032,38.27644435
7,Heilongjiang,2013,256.8,35.27,10.46092103,10.77469723,35.21530054
7,Heilongjiang,2014,269.1,31.748,10.51540921,10.64504387,31.80902404
7,Heilongjiang,2015,265.5,28.0967,10.57084392,10.50259874,26.87522334
7,Heilongjiang,2016,269,,,,
7,Heilongjiang,2017,269,,,,
8,Henan,1997,154.3,68.0624,8.38685669,11.42532846,40.60983547
8,Henan,1998,155.8,76.7865,8.471197838,11.42202654,39.28170204
8,Henan,1999,157.2,67.8391,8.549084377,11.46112678,38.27607272
8,Henan,2000,162.1,74.7384,8.63983874,11.60102791,39.5813172
8,Henan,2001,181.3,75.9939,8.726016436,11.60961651,39.45013654
8,Henan,2002,194.3,80.7354,8.8167708,11.6477273,39.96666379
8,Henan,2003,215.7,90.1694,8.918424453,11.64591671,41.89073489
8,Henan,2004,277.6,111.2739,9.046817668,11.67272871,42.60567538
8,Henan,2005,336.2,147.1151,9.179598779,11.72380208,46.24365521
8,Henan,2006,379,146.4285,9.31150385,11.77650438,48.78518522
8,Henan,2007,426.2,141.0203,9.447781468,11.80815895,50.01398838
8,Henan,2008,435.6,128.0622,9.562002613,11.79918653,51.76976146
8,Henan,2009,450.7,117.5969,9.665461321,11.85171644,50.82154118
8,Henan,2010,504.7,116.2874,9.783244357,11.92109358,51.75252768
8,Henan,2011,548.5,122.92,9.895679786,11.8397369,51.79645933
8,Henan,2012,520.7,112.99,9.991898644,11.83033137,50.7361827
8,Henan,2013,483.9,110.27,10.07807634,11.78134062,46.40297223
8,Henan,2014,535.4,103.1667,10.16333618,11.76016047,45.24867309
8,Henan,2015,517.8,91.5002,10.24307115,11.77381942,42.76326031
8,Henan,2016,513,,,,
8,Henan,2017,494,,,,
9,Hunan,1997,98,46.8257,8.393894975,11.77266321,31.72391525
9,Hunan,1998,99.2,61.8784,8.475474962,11.78466869,31.75311433
9,Hunan,1999,80.6,60.6373,8.556132865,11.74519525,31.43622416
9,Hunan,2000,77.3,62.6494,8.642310561,11.63126834,30.82537189
9,Hunan,2001,85.4,58.6849,8.728488258,11.58221829,30.80534461
9,Hunan,2002,92.1,57.5897,8.814665954,11.6243595,30.4879635
9,Hunan,2003,104.9,67.1389,8.906333142,11.72910079,31.86659199
9,Hunan,2004,125.3,71.1772,9.020554286,11.7209635,32.33125485
9,Hunan,2005,178.5,75.4973,9.13030515,11.71537639,33.28224254
9,Hunan,2006,203.2,76.6025,9.244526294,11.51316544,35.21558345
9,Hunan,2007,223.3,73.943,9.384288237,11.51405483,35.99400398
9,Hunan,2008,226.5,67.4803,9.514438921,11.4332327,37.3009087
9,Hunan,2009,239,64.9426,9.642832136,11.47621999,36.90286676
9,Hunan,2010,254.9,62.7383,9.779109754,11.4679804,39.31366583
9,Hunan,2011,285.5,63.6181,9.899555907,11.48449513,41.29604323
9,Hunan,2012,281.7,59.33,10.00661498,11.48383645,41.24945891
9,Hunan,2013,271.2,58.87,10.10283384,11.43291859,40.61869077
9,Hunan,2014,269.9,55.9504,10.1935882,11.31777396,39.75941402
9,Hunan,2015,289.2,51.5935,10.27516819,11.2501051,37.871879
9,Hunan,2016,294,,,,
9,Hunan,2017,310,,,,
10,InnerMongolia,1997,97,53.1603,8.51318517,10.13630417,30.78430183
10,InnerMongolia,1998,92.4,56.8503,8.614838824,10.08601742,30.2913175
10,InnerMongolia,1999,97.3,52.1816,8.699179972,10.04124749,30.82193271
10,InnerMongolia,2000,105.5,50.6309,8.801736561,9.991681563,31.4588856
10,InnerMongolia,2001,115.8,48.5106,8.903390214,9.950371138,31.56826019
10,InnerMongolia,2002,127.1,55.9001,9.027376194,10.03174883,31.68001072
10,InnerMongolia,2003,149.3,113.7818,9.192042816,10.06802694,32.38596873
10,InnerMongolia,2004,207.3,103.3997,9.378522383,10.03661887,33.38857705
10,InnerMongolia,2005,240.5,129.5658,9.592019557,10.12531023,37.84554792
10,InnerMongolia,2006,290.7,138.3589,9.757533995,10.2336183,40.97122921
10,InnerMongolia,2007,340,128.325,9.933166564,10.12747075,43.30845469
10,InnerMongolia,2008,411.4,125.8581,10.09698465,10.28079321,45.66064829
10,InnerMongolia,2009,445.3,120.4018,10.25313333,10.26172128,46.23423423
10,InnerMongolia,2010,477.4,119.2984,10.39289527,10.58496693,48.13570939
10,InnerMongolia,2011,598.2,125.018,10.52655166,10.5817495,49.45445227
10,InnerMongolia,2012,621.6,124.15,10.63540606,10.42281692,48.71220069
10,InnerMongolia,2013,576.2,123.64,10.72158376,10.51829474,46.96243313
10,InnerMongolia,2014,582.2,116.7133,10.79669123,10.57961573,44.48123515
10,InnerMongolia,2015,584.7,106.1017,10.87087063,10.48438946,43.40170855
10,InnerMongolia,2016,590,,,,
10,InnerMongolia,2017,639,,,,
11,Jiangsu,1997,183.9,99.8173,9.145375093,12.07514928,45.15398917
11,Jiangsu,1998,186.6,121.5742,9.249735108,12.19815639,43.85711012
11,Jiangsu,1999,194,93.4906,9.345953966,12.2112542,44.01233076
11,Jiangsu,2000,199.4,114.0991,9.446703869,12.21564172,44.992512
11,Jiangsu,2001,191.6,108.7585,9.54383058,12.50998111,45.16202029
11,Jiangsu,2002,220.1,105.5106,9.6544771,12.47882507,46.00885277
11,Jiangsu,2003,250.8,117.8402,9.78199042,12.41926283,48.25775725
11,Jiangsu,2004,311.6,118.3161,9.920011718,12.48195285,50.08391319
11,Jiangsu,2005,396.1,131.2366,10.05541636,12.59918848,50.75723075
11,Jiangsu,2006,440.9,124.1355,10.19430835,12.56786796,51.04228902
11,Jiangsu,2007,468.7,116.0533,10.33320035,12.50158151,50.36896852
11,Jiangsu,2008,496.6,107.3577,10.45275959,12.46843306,49.29058763
11,Jiangsu,2009,515.6,101.1824,10.56965334,12.45355753,47.78360464
11,Jiangsu,2010,580.3,100.2445,10.68921257,12.48279488,46.53573115
11,Jiangsu,2011,633.3,102.5013,10.79357259,12.41429746,45.36853493
11,Jiangsu,2012,656.2,95.92,10.88979145,12.37198531,44.22726091
11,Jiangsu,2013,694.3,90.95,10.98145864,12.30392051,42.68187719
11,Jiangsu,2014,704.5,87.0175,11.06488024,12.23022853,41.42520501
11,Jiangsu,2015,759.5,79.4656,11.14646023,12.23770212,39.92851599
11,Jiangsu,2016,724,,,,
11,Jiangsu,2017,736,,,,
12,Jiangxi,1997,51.8,21.6527,8.266164437,10.87895244,27.33766355
12,Jiangxi,1998,50.7,24.3817,8.334757228,10.73020363,27.74337595
12,Jiangxi,1999,51.4,23.6745,8.409864701,10.65709464,27.1782699
12,Jiangxi,2000,53.3,28.8108,8.486825742,10.64437673,27.15232119
12,Jiangxi,2001,58,25.9002,8.57116689,10.63361737,27.72604427
12,Jiangxi,2002,63.3,24.8105,8.671012225,10.73898029,28.66458816
12,Jiangxi,2003,75.9,39.1746,8.793229858,10.82247465,30.75111936
12,Jiangxi,2004,89.2,46.9003,8.917215838,10.91416076,32.97943125
12,Jiangxi,2005,96.4,55.459,9.037661991,10.89622067,35.87838571
12,Jiangxi,2006,108.8,56.9908,9.153665666,11.06779394,39.52158788
12,Jiangxi,2007,127.2,55.3413,9.277651646,11.17619319,41.58958666
12,Jiangxi,2008,130.3,51.1173,9.401637626,11.13722788,41.69902669
12,Jiangxi,2009,142.2,49.02,9.524739823,11.11530947,41.75682348
12,Jiangxi,2010,148.4,47.0954,9.655768086,11.1917004,45.35649215
12,Jiangxi,2011,164,56.8058,9.773551121,11.17319192,46.24406767
12,Jiangxi,2012,164,55.15,9.877911137,11.12536412,45.0092981
12,Jiangxi,2013,197.4,54.35,9.974129994,11.13063963,44.77671703
12,Jiangxi,2014,202.3,51.7408,10.06670918,11.07992471,43.58123608
12,Jiangxi,2015,210.4,51.5661,10.15380388,11.24389503,41.36624615
12,Jiangxi,2016,213,,,,
12,Jiangxi,2017,224,,,,
13,Jilin,1997,98.6,19.3184,8.628913441,10.62174189,33.81045386
13,Jilin,1998,83.3,21.1655,8.716008148,10.5503028,31.96601249
13,Jilin,1999,84,21.0021,8.794819328,10.56604665,33.01573259
13,Jilin,2000,83,20.1688,8.882830206,10.52905158,33.59859801
13,Jilin,2001,89.1,19.0626,8.971756415,10.47937031,34.17973448
13,Jilin,2002,92.2,18.715,9.062510778,10.45688404,34.21402233
13,Jilin,2003,134.3,18.8434,9.159637489,10.3534479,34.96288616
13,Jilin,2004,112.3,21.5701,9.274750296,10.42132851,36.64145855
13,Jilin,2005,143.4,30.7812,9.38897144,10.62592651,37.67509053
13,Jilin,2006,158.9,33.5822,9.528733382,10.57951401,38.81271169
13,Jilin,2007,170.5,33.6566,9.678015085,10.58824968,41.07601392
13,Jilin,2008,179.4,31.3202,9.82643509,10.55458803,41.83517219
13,Jilin,2009,185.7,30.02,9.953948411,10.5337748,41.96599691
13,Jilin,2010,202.1,30.0636,10.08322075,10.56245728,45.33341486
13,Jilin,2011,233.9,36.3443,10.21249308,10.64265917,46.53258686
13,Jilin,2012,229.5,35.23,10.32582177,10.71090048,46.75741504
13,Jilin,2013,222.3,33.1,10.40555674,10.66092322,46.44407653
13,Jilin,2014,222.6,31.9643,10.46853153,10.64998591,46.54651043
13,Jilin,2015,207.6,30.2082,10.52962663,10.56545362,43.46151959
13,Jilin,2016,201,,,,
13,Jilin,2017,204,,,,
14,Liaoning,1997,200.7,83.7627,9.073947747,11.70993036,43.75652485
14,Liaoning,1998,190.6,75.1648,9.153682715,11.7112926,42.86877243
14,Liaoning,1999,184.5,72.3645,9.232493896,11.66169024,43.04514477
14,Liaoning,2000,213,70.5672,9.317753739,11.59950675,45.29584113
14,Liaoning,2001,205.5,60.755,9.403931436,11.50796317,43.51450801
14,Liaoning,2002,220.7,57.3015,9.501058146,11.42955473,42.72363518
14,Liaoning,2003,236.7,63.7265,9.609912551,11.39847936,42.59563451
14,Liaoning,2004,250.2,64.9313,9.730358704,11.4274765,40.17401079
14,Liaoning,2005,279.6,96.1469,9.84636238,11.56240111,42.27277359
14,Liaoning,2006,317.9,103.6915,9.975634716,11.45872268,43.17278054
14,Liaoning,2007,362.2,106.7186,10.11539666,11.46370371,43.82227278
14,Liaoning,2008,371.4,100.0779,10.24114786,11.32747502,46.52590101
14,Liaoning,2009,406.9,91.8837,10.36425006,11.22736115,45.52594611
14,Liaoning,2010,446.3,85.941,10.49703117,11.17774639,47.61955587
14,Liaoning,2011,455.1,104.8914,10.61214398,11.41262988,48.12473287
14,Liaoning,2012,461,97.9,10.70289834,11.37559257,46.70719294
14,Liaoning,2013,482,94.73,10.78631995,11.26812407,45.20119266
14,Liaoning,2014,484.5,92.6035,10.84270028,11.4145516,44.21355957
14,Liaoning,2015,472.1,86.9328,10.87225909,11.32828121,39.31358658
14,Liaoning,2016,457,,,,
14,Liaoning,2017,479,,,,
15,Ningxia,1997,17.1,18.5703,8.361007108,9.02352875,33.3897324
15,Ningxia,1998,17.6,18.6005,8.445348257,9.182249492,31.91411343
15,Ningxia,1999,17.4,17.5741,8.532442964,9.099855639,31.56323229
15,Ningxia,2000,26.8,17.4155,8.629569674,9.300363875,32.77743882
15,Ningxia,2001,34.6,16.8781,8.725788532,9.254357257,31.6559981
15,Ningxia,2002,42.5,18.722,8.822915243,9.353054474,31.95991091
15,Ningxia,2003,55.3,25.8372,8.942474478,9.281730368,33.95455362
15,Ningxia,2004,65.8,26.0128,9.048634674,9.160099156,36.78017538
15,Ningxia,2005,51.7,30.2473,9.152093382,9.971660088,37.2782031
15,Ningxia,2006,58.8,35,9.269876418,9.825526011,39.61289434
15,Ningxia,2007,66.5,34,9.389435653,9.956506857,40.98638901
15,Ningxia,2008,75.4,31.9,9.508107182,9.925640357,42.11077148
15,Ningxia,2009,80,27.8346,9.620542612,9.977759797,38.45238711
15,Ningxia,2010,95.3,28.038,9.747175263,9.997751731,38.05817773
15,Ningxia,2011,137.3,38.7865,9.861396407,9.867082871,38.85387283
15,Ningxia,2012,135,38.44,9.970250812,9.714020528,37.5276023
15,Ningxia,2013,142.9,36.82,10.06374115,9.661925416,36.20153866
15,Ningxia,2014,142.6,34.0969,10.1407022,9.625557772,35.37407798
15,Ningxia,2015,140.8,30.3795,10.21766324,9.707655134,33.64688832
15,Ningxia,2016,137,,,,
15,Ningxia,2017,175,,,,
16,Qinghai,1997,11.5,2.529,8.324093761,8.42156296,28.05858277
16,Qinghai,1998,11.6,1.9555,8.409353605,8.318254329,28.24551874
16,Qinghai,1999,13.7,1.8992,8.487240144,8.317033476,28.66989723
16,Qinghai,2000,12.1,2.0177,8.572499988,8.446985296,29.88470874
16,Qinghai,2001,14.7,2.3686,8.683146508,8.385944905,28.99410256
16,Qinghai,2002,15.7,2.2115,8.797367652,8.183955717,28.6158814
16,Qinghai,2003,17.6,5.0522,8.909803082,8.146998697,30.03075346
16,Qinghai,2004,19,6.436,9.025806757,8.173011312,32.93284703
16,Qinghai,2005,19.9,11.4528,9.140919564,8.938400406,37.53589045
16,Qinghai,2006,24.4,12.1,9.256032371,8.877381955,40.88203547
16,Qinghai,2007,26,12.5,9.382665022,8.898092346,43.20812692
16,Qinghai,2008,31.6,12.6,9.509297673,8.867568333,46.00341639
16,Qinghai,2009,33.5,12.7275,9.605516531,9.036463062,43.49792374
16,Qinghai,2010,31.8,13.3149,9.747883772,9.108418382,45.44108173
16,Qinghai,2011,36.6,13.4315,9.874516423,9.068431126,48.59378367
16,Qinghai,2012,44.6,12.91,9.990520099,9.095714846,47.31296936
16,Qinghai,2013,47.9,13.08,10.09307669,9.03539157,43.00915148
16,Qinghai,2014,48.5,11.8046,10.18108756,9.013595295,41.43019641
16,Qinghai,2015,51.1,11.6365,10.25989875,9.053218616,36.98185805
16,Qinghai,2016,56,,,,
16,Qinghai,2017,53,,,,
17,Shaanxi,1997,68.9,54.8012,8.251663924,10.23322286,35.00660018
17,Shaanxi,1998,65.7,56.1252,8.361414788,10.44761255,34.30197477
17,Shaanxi,1999,59.3,57.2642,8.459448528,10.35993091,34.4716948
17,Shaanxi,2000,58.9,55.3738,8.558388476,10.33860855,34.91574279
17,Shaanxi,2001,68.4,54.2241,8.651878819,10.2623501,35.14438332
17,Shaanxi,2002,76.3,55.4079,8.757139329,10.32535081,36.36787241
17,Shaanxi,2003,86.3,65.1036,8.868680704,10.42007654,38.91147419
17,Shaanxi,2004,107.7,70.6282,8.990012989,10.51414946,41.14209058
17,Shaanxi,2005,122.3,79.9884,9.108684519,10.66473721,41.96104451
17,Shaanxi,2006,128.7,87,9.228243754,10.6085386,44.1440169
17,Shaanxi,2007,148.1,84.6,9.374938133,10.78979319,44.19475135
17,Shaanxi,2008,165.4,80.7,9.526800483,10.78884474,44.76771052
17,Shaanxi,2009,186,74.1873,9.654313803,10.82207564,42.85600627
17,Shaanxi,2010,218.6,70.696,9.790591421,10.72518185,45.0336248
17,Shaanxi,2011,243.8,83.1222,9.920742106,10.61658441,46.81729178
17,Shaanxi,2012,261.9,74.7,10.04207439,10.54631465,47.3748554
17,Shaanxi,2013,265.6,70.71,10.14643441,10.45941082,46.32601995
17,Shaanxi,2014,277.2,67.1642,10.23901359,10.49579178,45.18607751
17,Shaanxi,2015,276.9,59.9321,10.31504827,10.53821081,40.75395104
17,Shaanxi,2016,265,,,,
17,Shaanxi,2017,262,,,,
18,Shandong,1997,199.3,149.6739,8.917444732,11.47289482,42.77176166
18,Shandong,1998,212.7,176.0057,9.020001321,11.67139822,42.84717326
18,Shandong,1999,213.5,145.1547,9.115311501,11.589655,42.66384123
18,Shandong,2000,194.8,146.0902,9.213345241,11.61117677,43.96705475
18,Shandong,2001,232.7,140.8716,9.308655421,11.65471144,43.54619447
18,Shandong,2002,258.8,139.3864,9.419301941,11.57747649,43.97713007
18,Shandong,2003,325,154.009,9.545053146,11.66076772,47.24821268
18,Shandong,2004,397.7,154.4295,9.688287314,11.76528601,50.43403471
18,Shandong,2005,556.5,171.5362,9.829786876,11.84273987,51.28026713
18,Shandong,2006,605.5,168.682,9.966936715,11.88010009,51.95763142
18,Shandong,2007,663,158.2669,10.09971783,12.02319493,51.53340722
18,Shandong,2008,697.7,146.5501,10.21304651,12.08377506,51.38462523
18,Shandong,2009,717.9,136.615,10.32815932,12.11545295,49.84604673
18,Shandong,2010,766.6,138.2874,10.44416299,12.24652817,48.15289385
18,Shandong,2011,800.8,162.8647,10.5476217,12.1401732,46.90260649
18,Shandong,2012,842.2,154.38,10.64111205,12.12069993,45.5845892
18,Shandong,2013,761.6,144.53,10.73277923,12.10724077,43.93476264
18,Shandong,2014,790.4,135.8883,10.81620084,12.10083434,42.64229194
18,Shandong,2015,824.4,122.0937,10.89316188,12.13586475,41.12665357
18,Shandong,2016,833,,,,
18,Shandong,2017,806,,,,
19,Shanxi,1997,148.7,68.9285,8.460411177,10.64713772,42.43631436
19,Shanxi,1998,147.5,110.0349,8.554811853,10.76479398,40.87630658
19,Shanxi,1999,145.6,93.2251,8.625270316,10.6593278,41.0623238
19,Shanxi,2000,148,90.2681,8.71511102,10.38609887,40.56140693
19,Shanxi,2001,184.2,90.205,8.811329878,10.34473799,41.01688568
19,Shanxi,2002,221.4,90.7021,8.932662163,10.33452294,42.64624914
19,Shanxi,2003,251.7,103.3339,9.071554162,10.33944953,45.24819367
19,Shanxi,2004,267.9,109.2466,9.213053724,10.35434022,47.91718584
19,Shanxi,2005,290,120.0305,9.331725254,10.37658016,50.05708505
19,Shanxi,2006,320.1,117.7348,9.443266629,10.69401096,50.9378696
19,Shanxi,2007,344.9,111.8474,9.590824193,10.62473616,52.15231266
19,Shanxi,2008,370.9,105.8363,9.67240418,10.62497921,52.88213905
19,Shanxi,2009,375.4,100.9586,9.72499663,10.58961012,47.8218504
19,Shanxi,2010,406.5,114.7115,9.855147315,10.81739545,50.62537632
19,Shanxi,2011,438.8,129.4321,9.977364948,10.58822447,53.03611552
19,Shanxi,2012,466,119.46,10.07358381,10.78120376,49.72867612
19,Shanxi,2013,488.2,114.08,10.15884365,10.77467631,46.12731687
19,Shanxi,2014,475.7,107.799,10.20668098,10.80466465,42.87124779
19,Shanxi,2015,440.2,90.0765,10.23721018,10.62997279,34.14877543
19,Shanxi,2016,449,,,,
19,Shanxi,2017,488,,,,
20,Xinjiang,1997,63.2,16.0358,8.673855001,9.762845223,29.09073424
20,Xinjiang,1998,63.5,19.1402,8.746175663,9.87678417,26.96869777
20,Xinjiang,1999,62.3,19.7909,8.817565659,9.73619253,27.15510201
20,Xinjiang,2000,65.4,18.7689,8.900987267,9.639847475,30.7012526
20,Xinjiang,2001,53.5,18.8941,8.983488489,9.728955578,29.87396085
20,Xinjiang,2002,69.7,19.3031,9.062299669,9.706620724,28.74709329
20,Xinjiang,2003,77.2,22.3289,9.168459865,9.706072662,29.87621597
20,Xinjiang,2004,90.2,31.4624,9.276417007,9.779680157,33.23087787
20,Xinjiang,2005,101.1,34.8302,9.379875715,9.906084178,36.92549315
20,Xinjiang,2006,113.9,42.9,9.48423573,9.931005439,40.7626935
20,Xinjiang,2007,125.3,47.3,9.599348537,9.950371138,39.88209448
20,Xinjiang,2008,137.2,51,9.703708553,10.03779989,41.96179489
20,Xinjiang,2009,156.7,51.5398,9.781595091,10.09414923,36.37647444
20,Xinjiang,2010,167.6,51.8438,9.882344994,10.14301613,39.74992046
20,Xinjiang,2011,203,66.905,9.99567368,10.2670537,40.84991793
20,Xinjiang,2012,251.5,70.47,10.10900236,10.30018097,37.97391447
20,Xinjiang,2013,292.7,73.86,10.21336238,10.45501356,34.64940122
20,Xinjiang,2014,329.2,71.807,10.30867256,10.39815331,34.28709457
20,Xinjiang,2015,342.5,62.2123,10.39301371,10.25421484,29.39162234
20,Xinjiang,2016,370,,,,
20,Xinjiang,2017,404,,,,
21,Yunnan,1997,58,27.0427,8.323851131,10.58524512,39.19948454
21,Yunnan,1998,56.8,30.6644,8.40173767,10.67630045,38.52664457
21,Yunnan,1999,54.9,27.6596,8.472196134,10.521992,36.11342127
21,Yunnan,2000,53,32.3853,8.544516795,10.46644062,35.00415177
21,Yunnan,2001,61.4,29.4424,8.610304536,10.39552783,34.17699024
21,Yunnan,2002,72.3,29.3115,8.696482232,10.42513441,34.08998539
21,Yunnan,2003,88.8,38.0683,8.78082338,10.45319729,34.50990211
21,Yunnan,2004,58.7,39.9864,8.887882453,10.55586482,34.60224341
21,Yunnan,2005,133.1,42.8884,8.974060149,10.40207864,33.75024908
21,Yunnan,2006,150.2,45.6209,9.086495578,10.44249239,35.14345033
21,Yunnan,2007,161.2,44.5391,9.201608385,10.47311025,35.54285786
21,Yunnan,2008,163.8,41.9931,9.302358289,10.40414162,36.04509392
21,Yunnan,2009,187.2,41.7821,9.416579433,10.3851418,33.84529357
21,Yunnan,2010,194.2,43.9554,9.532583108,10.33935253,36.04658245
21,Yunnan,2011,205.4,64.2523,9.660976323,10.76274222,33.66984815
21,Yunnan,2012,211.7,62.26,9.783193956,10.66455036,33.47136177
21,Yunnan,2013,206.2,61.3,9.8974151,10.6417037,31.80756758
21,Yunnan,2014,194.6,58.2558,9.975301639,10.60764885,30.42602221
21,Yunnan,2015,175.9,52.3765,10.05872325,10.73493909,28.25620063
21,Yunnan,2016,180,,,,
21,Yunnan,2017,195,,,,
22,Zhejiang,1997,115.4,41.0868,9.270870872,11.3031176,48.76624748
22,Zhejiang,1998,114.9,62.4566,9.367997582,11.63529353,49.18181062
22,Zhejiang,1999,121.1,60.8138,9.463307762,11.67138115,49.22335376
22,Zhejiang,2000,131.4,56.1847,9.567667778,11.82358893,47.96752336
22,Zhejiang,2001,142.9,55.571,9.668417681,11.97106525,46.12616948
22,Zhejiang,2002,156.5,59.3868,9.78708921,12.03200493,45.48963163
22,Zhejiang,2003,178.4,70.7271,9.924239049,12.03224293,45.98620096
22,Zhejiang,2004,218,78.9005,10.05964369,12.01535998,47.14114021
22,Zhejiang,2005,255.8,83.1076,10.18008984,12.16746694,47.28619255
22,Zhejiang,2006,290.3,82.908,10.30760316,12.20403557,48.25832285
22,Zhejiang,2007,325.3,77.4639,10.444753,12.21210939,48.47430351
22,Zhejiang,2008,330.2,71.5909,10.54097185,12.20850967,48.12407019
22,Zhejiang,2009,338.5,49.7003,10.6262317,12.22313623,45.75054316
22,Zhejiang,2010,358.6,65.3889,10.73866713,12.28961384,45.65918208
22,Zhejiang,2011,379.4,64.7048,10.82484482,12.11307978,45.43178362
22,Zhejiang,2012,377.2,61.09,10.90180587,12.07491557,44.24599448
22,Zhejiang,2013,379,57.91,10.98061705,12.00563192,41.94552527
22,Zhejiang,2014,375.3,56.0083,11.05386751,11.91424867,41.7491536
22,Zhejiang,2015,375.4,52.3973,11.13082855,11.90058635,40.14660561
22,Zhejiang,2016,372,,,,
22,Zhejiang,2017,382,,,,
23,Sichuan,1997,123.1,64.1198,8.30201781,11.5846506,32.55344026
23,Sichuan,1998,123,71.765,8.394596991,11.5410269,30.98221405
23,Sichuan,1999,109.3,52.6157,8.458510317,11.45673599,30.13000395
23,Sichuan,2000,105,99.4064,8.540090304,11.66974971,29.38903314
23,Sichuan,2001,108.8,94.0772,8.626268,11.65199151,29.18814298
23,Sichuan,2002,124,93.0169,8.72430174,11.67536739,29.05052053
23,Sichuan,2003,157.2,105.0542,8.831360813,11.69657947,30.08556015
23,Sichuan,2004,175,109.8646,8.950920048,11.68875097,31.56609396
23,Sichuan,2005,170.1,114.082,9.069591577,11.71660073,34.2186294
23,Sichuan,2006,189.8,112.0833,9.194460559,11.65570892,36.18622731
23,Sichuan,2007,208.5,102.3119,9.329865196,11.64996196,37.12616179
23,Sichuan,2008,230.1,96.8914,9.434225212,11.59634707,39.33052567
23,Sichuan,2009,263.1,94.6424,9.569629849,11.57034496,40.12527489
23,Sichuan,2010,303.8,93.7632,9.710260978,11.44511761,43.24260946
23,Sichuan,2011,303.4,82.8929,9.850022921,11.29501818,45.13812927
23,Sichuan,2012,330.7,79.4,9.968694451,11.15602192,44.19477397
23,Sichuan,2013,343.1,74.64,10.06400463,11.08004805,43.72851391
23,Sichuan,2014,341.3,72.5729,10.14558462,11.12102297,41.53250591
23,Sichuan,2015,322.8,62.2441,10.2216193,11.17950656,36.73191784
23,Sichuan,2016,310,,,,
23,Sichuan,2017,309,,,,
24,Fujian,1997,44.2,11.7244,9.079662048,10.84914289,36.21233759
24,Fujian,1998,46.6,15.4935,9.182218637,10.86822553,35.84880582
24,Fujian,1999,60.2,16.9564,9.276619312,10.88967741,36.03255823
24,Fujian,2000,56.4,21.4338,9.365545521,10.96157294,37.78257104
24,Fujian,2001,56.4,18.6121,9.448967129,11.15229987,38.95257621
24,Fujian,2002,67.3,18.1196,9.54609384,11.27099402,40.49087307
24,Fujian,2003,82.8,29.3073,9.654948245,11.49667412,41.36128596
24,Fujian,2004,100.2,30.9607,9.76648962,11.65466805,42.31254392
24,Fujian,2005,123.9,43.9148,9.876240484,11.78248684,42.74618632
24,Fujian,2006,135.4,44.6108,10.00199169,11.75652241,42.59696592
24,Fujian,2007,161.3,42.6879,10.14349125,11.82340567,42.133831
24,Fujian,2008,165.7,40.9305,10.26570888,11.84937627,42.43958012
24,Fujian,2009,187.8,39.9192,10.38171256,11.86882911,41.73062134
24,Fujian,2010,199.4,39.1231,10.51186324,11.72939077,43.41221351
24,Fujian,2011,236.9,37.0269,10.62786692,12.08495531,43.7073538
24,Fujian,2012,232.2,35.24,10.73582406,11.57419929,43.35618406
24,Fujian,2013,229.4,34.2,10.84018408,11.55845317,43.23718739
24,Fujian,2014,243.4,33.7632,10.93458475,11.53323777,43.34392262
24,Fujian,2015,230.4,31.7063,11.02076245,11.41576457,41.64855646
24,Fujian,2016,213,,,,
24,Fujian,2017,230,,,,
25,Guangdong,1997,165.1,47.6337,9.223256597,11.4979438,41.61563464
25,Guangdong,1998,172.8,64.3086,9.325813186,11.6762086,41.7805666
25,Guangdong,1999,185.2,66.9396,9.422032043,11.65132996,41.42873821
25,Guangdong,2000,199.6,88.1556,9.530886448,11.64443607,41.55065751
25,Guangdong,2001,210,93.45,9.630731783,11.633478,41.04242374
25,Guangdong,2002,231.5,95.1989,9.747625535,11.88611528,41.09196722
25,Guangdong,2003,261.7,105.4256,9.885646833,11.91080857,43.46561361
25,Guangdong,2004,296.9,112.7583,10.02366813,12.01205091,44.9828833
25,Guangdong,2005,341.8,127.3835,10.15294047,12.35262885,46.50245131
25,Guangdong,2006,376.2,124.6645,10.28484554,12.36611877,47.08403416
25,Guangdong,2007,410.1,117.6162,10.42373754,12.41443144,47.0242795
25,Guangdong,2008,416.9,109.6928,10.52267748,12.27052054,47.02809028
25,Guangdong,2009,437.6,101.2579,10.61525667,12.14867656,45.82164885
25,Guangdong,2010,471.5,98.9088,10.73215042,12.13902966,46.64484388
25,Guangdong,2011,520.6,82.5952,10.8274606,12.09304951,46.32488309
25,Guangdong,2012,504.7,77.15,10.90627178,12.13417914,45.2269331
25,Guangdong,2013,496.8,73.2,10.98785176,12.04627354,43.04862809
25,Guangdong,2014,503.8,69.9102,11.06295924,12.08703007,42.97922794
25,Guangdong,2015,444.1,64.8998,11.13992028,11.99198175,41.55806932
25,Guangdong,2016,518,,,,
25,Guangdong,2017,542,,,,
26,Beijing,1997,61.9,,,,
26,Beijing,1998,63.3,,,,
26,Beijing,1999,66.6,,,,
26,Beijing,2000,68.2,,,,
26,Beijing,2001,77.4,,,,
26,Beijing,2002,77.9,,,,
26,Beijing,2003,82,,,,
26,Beijing,2004,88.1,,,,
26,Beijing,2005,92.1,,,,
26,Beijing,2006,96.7,,,,
26,Beijing,2007,102.9,,,,
26,Beijing,2008,99.2,,,,
26,Beijing,2009,100.4,,,,
26,Beijing,2010,103,,,,
26,Beijing,2011,94.4,,,,
27,Chongqing,1997,55.4,,,,
27,Chongqing,1998,63.7,,,,
27,Chongqing,1999,69.1,,,,
27,Chongqing,2000,71.3,,,,
27,Chongqing,2001,65.2,,,,
27,Chongqing,2002,70,,,,
27,Chongqing,2003,68.4,,,,
27,Chongqing,2004,68.3,,,,
27,Chongqing,2005,81.6,,,,
27,Chongqing,2006,90,,,,
27,Chongqing,2007,99.2,,,,
27,Chongqing,2008,126.3,,,,
27,Chongqing,2009,133.1,,,,
27,Chongqing,2010,141.5,,,,
27,Chongqing,2011,160.3,,,,
28,Hubei,1997,133.9,,,,
28,Hubei,1998,132.6,,,,
28,Hubei,1999,135,,,,
28,Hubei,2000,136.8,,,,
28,Hubei,2001,135.2,,,,
28,Hubei,2002,154.2,,,,
28,Hubei,2003,165.2,,,,
28,Hubei,2004,182.2,,,,
28,Hubei,2005,189.3,,,,
28,Hubei,2006,225.2,,,,
28,Hubei,2007,249.8,,,,
28,Hubei,2008,254,,,,
28,Hubei,2009,275.2,,,,
28,Hubei,2010,324.3,,,,
28,Hubei,2011,373.6,,,,
29,Shanghai,1997,103.2,,,,
29,Shanghai,1998,104.4,,,,
29,Shanghai,1999,115.6,,,,
29,Shanghai,2000,118,,,,
29,Shanghai,2001,122.5,,,,
29,Shanghai,2002,128.4,,,,
29,Shanghai,2003,137,,,,
29,Shanghai,2004,148.7,,,,
29,Shanghai,2005,158.9,,,,
29,Shanghai,2006,165.2,,,,
29,Shanghai,2007,174.8,,,,
29,Shanghai,2008,178.2,,,,
29,Shanghai,2009,179.1,,,,
29,Shanghai,2010,187.1,,,,
29,Shanghai,2011,200.2,,,,
30,Tianjin,1997,51.4,,,,
30,Tianjin,1998,51.8,,,,
30,Tianjin,1999,53,,,,
30,Tianjin,2000,58.2,,,,
30,Tianjin,2001,60.4,,,,
30,Tianjin,2002,65.1,,,,
30,Tianjin,2003,66.2,,,,
30,Tianjin,2004,78.3,,,,
30,Tianjin,2005,89,,,,
30,Tianjin,2006,95.5,,,,
30,Tianjin,2007,103.4,,,,
30,Tianjin,2008,110.2,,,,
30,Tianjin,2009,122.3,,,,
30,Tianjin,2010,136.6,,,,
30,Tianjin,2011,152,,,,
31,Shenzhen,1997,,,,,
31,Shenzhen,1998,,,,,
31,Shenzhen,1999,,,,,
31,Shenzhen,2000,12.42,,,,
31,Shenzhen,2001,12.4,,,,
31,Shenzhen,2002,15.16,,,,
31,Shenzhen,2003,20.09,,,,
31,Shenzhen,2004,22.88,,,,
31,Shenzhen,2005,28.16,,,,
31,Shenzhen,2006,30.2,,,,
31,Shenzhen,2007,33.09,,,,
31,Shenzhen,2008,35.15,,,,
31,Shenzhen,2009,29.34,,,,
31,Shenzhen,2010,32.31,,,,
31,Shenzhen,2011,,,,,